Coded_ID,Tract_name,Name,Name_other,Includes,SiteStatus,Country,State_Prov,Latitude,Longitude,Type,Subtype,Age_Ma,Comm_major,Tonnage_Mt,Cu_pct,Ag_g_t,Con_Cu_t,Group_name,Includes2,SiteStat2,SiteStat3,Agehost,Unit,HostRocks,Co_pct,Comments,Mineralogy,Ref_short,Report
142ssCu8050,Teniz Basin,Sovetskoe,,,prospect,Kazakhstan,Aqmola,51.996746632,68.046203993,Sediment-hosted stratabound copper,Sandstone copper,374,Cu,-9999.0,-9999.0,-9999.0,-9999.0,,,,,Middle to Upper Devonian,Middle to Upper Devonian rocks,,0.0,,,"Babi'chev and others, 1970",Teniz
142ssCu8050,Teniz Basin,Kirei,,,prospect,Kazakhstan,Aqmola,51.96304417,68.028942905,Sediment-hosted stratabound copper,Sandstone copper,374,Cu,-9999.0,-9999.0,-9999.0,-9999.0,,,,,Middle to Upper Devonian,Middle to Upper Devonian rocks,,0.0,,,"Babi'chev and others, 1970",Teniz
142ssCu8050,Teniz Basin,,,,prospect,Kazakhstan,Aqmola,51.994842304,68.358498802,Sediment-hosted stratabound copper,Sandstone copper,303,Cu,-9999.0,-9999.0,-9999.0,-9999.0,,,significant prospect,,Upper Carboniferous,Vladimirov Suite,,0.0,,,"Babi'chev and others, 1970",Teniz
142ssCu8050,Teniz Basin,,,,prospect,Kazakhstan,Aqmola,51.983707039,68.333902938,Sediment-hosted stratabound copper,Sandstone copper,303,Cu,-9999.0,-9999.0,-9999.0,-9999.0,,,,,Upper Carboniferous,Vladimirov Suite,,0.0,,,"Babi'chev and others, 1970",Teniz
142ssCu8050,Teniz Basin,,,,prospect,Kazakhstan,Aqmola,51.98504126,68.359789296,Sediment-hosted stratabound copper,Sandstone copper,303,Cu,-9999.0,-9999.0,-9999.0,-9999.0,,,,,Upper Carboniferous,Vladimirov Suite,,0.0,,,"Babi'chev and others, 1970",Teniz
142ssCu8050,Teniz Basin,,,,prospect,Kazakhstan,Aqmola,51.982731722,68.410253091,Sediment-hosted stratabound copper,Sandstone copper,303,Cu,-9999.0,-9999.0,-9999.0,-9999.0,,,,,Upper Carboniferous,Vladimirov Suite,,0.0,,,"Babi'chev and others, 1970",Teniz
142ssCu8050,Teniz Basin,Proletarskoe V,,,prospect,Kazakhstan,Aqmola,51.966165286,68.366284039,Sediment-hosted stratabound copper,Sandstone copper,303,Cu,-9999.0,-9999.0,-9999.0,-9999.0,,,significant prospect,,Upper Carboniferous,Vladimirov Suite,,0.0,,,"Babi'chev and others, 1970",Teniz
142ssCu8050,Teniz Basin,Lyudmilovskoe,,,prospect,Kazakhstan,Aqmola,51.967128889,68.334837551,Sediment-hosted stratabound copper,Sandstone copper,303,Cu,-9999.0,-9999.0,-9999.0,-9999.0,,,,,Upper Carboniferous,Vladimirov Suite,,0.0,,,"Babi'chev and others, 1970",Teniz
142ssCu8050,Teniz Basin,,,,prospect,Kazakhstan,Aqmola,51.9551635,68.366819209,Sediment-hosted stratabound copper,Sandstone copper,303,Cu,-9999.0,-9999.0,-9999.0,-9999.0,,,,,Upper Carboniferous,Vladimirov Suite,,0.0,,,"Babi'chev and others, 1970",Teniz
142ssCu8050,Teniz Basin,Smirnovskoe,,,prospect,Kazakhstan,Aqmola,51.928502572,68.343434531,Sediment-hosted stratabound copper,Sandstone copper,303,Cu,-9999.0,-9999.0,-9999.0,-9999.0,,,,,Upper Carboniferous,Vladimirov Suite,,0.0,,,"Babi'chev and others, 1970",Teniz
142ssCu8050,Teniz Basin,,,,prospect,Kazakhstan,Aqmola,51.979192762,68.785420201,Sediment-hosted stratabound copper,Sandstone copper,303,Cu,-9999.0,-9999.0,-9999.0,-9999.0,,,,,Upper Carboniferous,Vladimirov Suite,,0.0,,,"Babi'chev and others, 1970",Teniz
142ssCu8050,Teniz Basin,Borisovskoe,,,prospect,Kazakhstan,Aqmola,51.875806659,68.540980632,Sediment-hosted stratabound copper,Sandstone copper,303,Cu,-9999.0,-9999.0,-9999.0,-9999.0,,,significant prospect,,Upper Carboniferous,Vladimirov Suite,,0.0,,chalcopyrite,"Babi'chev and others, 1970",Teniz
142ssCu8050,Teniz Basin,,,,prospect,Kazakhstan,Aqmola,51.828344416,68.593959743,Sediment-hosted stratabound copper,Sandstone copper,303,Cu,-9999.0,-9999.0,-9999.0,-9999.0,,,,,Upper Carboniferous,Vladimirov Suite,,0.0,,,"Babi'chev and others, 1970",Teniz
142ssCu8050,Teniz Basin,Tassay,,,prospect,Kazakhstan,Qostanay,51.849298157,67.948461959,Sediment-hosted stratabound copper,Sandstone copper,303,Cu,-9999.0,-9999.0,-9999.0,-9999.0,,,,,Upper Carboniferous,Vladimirov Suite,,0.0,,,"Mikhailov, 1963",Teniz
142ssCu8050,Teniz Basin,Akimovskoe,,,prospect,Kazakhstan,Qostanay,51.873952202,67.817726234,Sediment-hosted stratabound copper,Sandstone copper,374,Cu,-9999.0,-9999.0,-9999.0,-9999.0,,,,,Upper Devonian,Dzhaksykon series,,0.0,,,"Mikhailov, 1963",Teniz
142ssCu8050,Teniz Basin,,,,prospect,Kazakhstan,Qostanay,51.829829278,67.863890271,Sediment-hosted stratabound copper,Sandstone copper,303,Cu,-9999.0,-9999.0,-9999.0,-9999.0,,,,,Upper Carboniferous,Vladimirov Suite,,0.0,,,"Mikhailov, 1963",Teniz
142ssCu8050,Teniz Basin,Altynkazgan,,,prospect,Kazakhstan,Aqmola,51.733323147,67.972639024,Sediment-hosted stratabound copper,Sandstone copper,272,Cu,-9999.0,-9999.0,-9999.0,-9999.0,,,significant prospect,,Lower Permian,Kayraktin Suite,,0.0,,,"Mikhailov, 1963",Teniz
142ssCu8050,Teniz Basin,,,,prospect,Kazakhstan,Aqmola,51.744967921,67.961826635,Sediment-hosted stratabound copper,Sandstone copper,272,Cu,-9999.0,-9999.0,-9999.0,-9999.0,,,,,Lower Permian,Kayraktin Suite,,0.0,,,"Mikhailov, 1963",Teniz
142ssCu8050,Teniz Basin,Kiyminskoe,,,prospect,Kazakhstan,Qostanay,51.668660813,67.603562948,Sediment-hosted stratabound copper,Sandstone copper,272,Cu,-9999.0,-9999.0,-9999.0,-9999.0,,,significant prospect,,Lower Permian,Kiymin Suite,,0.0,,,"Mikhailov, 1963",Teniz
142ssCu8050,Teniz Basin,Kieilin,,,prospect,Kazakhstan,Qostanay,51.67050863,67.529147303,Sediment-hosted stratabound copper,Sandstone copper,272,Cu,-9999.0,-9999.0,-9999.0,-9999.0,,,significant prospect,,Lower Permian,Kiymin Suite,,0.0,,,"Mikhailov, 1963",Teniz
142ssCu8050,Teniz Basin,,,,prospect,Kazakhstan,Aqmola,51.598214138,67.654728638,Sediment-hosted stratabound copper,Sandstone copper,272,Cu,-9999.0,-9999.0,-9999.0,-9999.0,,,,,Lower Permian,Kiymin Suite,,0.0,,,"Mikhailov, 1963",Teniz
142ssCu8050,Teniz Basin,Shoum,,,prospect,Kazakhstan,Aqmola,50.585928616,68.233092001,Sediment-hosted stratabound copper,Sandstone copper,272,Cu,-9999.0,-9999.0,-9999.0,-9999.0,,,,,Lower Permian,Kayraktin Suite,,0.0,,,"Mazarovich, 1958",Teniz
142ssCu8050,Teniz Basin,,,,prospect,Kazakhstan,Aqmola,50.537090441,68.136658893,Sediment-hosted stratabound copper,Sandstone copper,272,Cu,-9999.0,-9999.0,-9999.0,-9999.0,,,,,Lower Permian,Kayraktin Suite,,0.0,,,"Mazarovich, 1958",Teniz
142ssCu8050,Teniz Basin,Aksu-2,,,prospect,Kazakhstan,Aqmola,50.560156387,68.593729495,Sediment-hosted stratabound copper,Sandstone copper,272,Cu,-9999.0,-9999.0,-9999.0,-9999.0,,,,,Lower Permian,Kayraktin Suite,,0.0,,,"Mazarovich, 1958",Teniz
142ssCu8050,Teniz Basin,Aksu,,,prospect,Kazakhstan,Aqmola,50.562958445,68.634565573,Sediment-hosted stratabound copper,Sandstone copper,272,Cu,-9999.0,-9999.0,-9999.0,-9999.0,,,,,Lower Permian,Kayraktin Suite,,0.0,,,"Mazarovich, 1958",Teniz
142ssCu8050,Teniz Basin,Kenen,,,prospect,Kazakhstan,Aqmola,50.477622935,68.101353734,Sediment-hosted stratabound copper,Sandstone copper,272,Cu,-9999.0,0.5,-9999.0,-9999.0,,,significant prospect,,Lower Permian,Kayraktin Suite,,0.0,,,"Mazarovich, 1958",Teniz
142ssCu8050,Teniz Basin,Mialy,,,prospect,Kazakhstan,Qostanay,50.420364635,67.828369581,Sediment-hosted stratabound copper,Sandstone copper,238,Cu,-9999.0,-9999.0,-9999.0,-9999.0,,,,,Lower Carboniferous,Kirey Suite,,0.0,,,"Minervin, 1961",Teniz
142ssCu8050,Teniz Basin,Toropushinskoe,,,prospect,Kazakhstan,Qostanay,50.477758856,67.720135541,Sediment-hosted stratabound copper,Sandstone copper,238,Cu,-9999.0,-9999.0,-9999.0,-9999.0,,,,,Lower Carboniferous,Kirey Suite,,0.0,,,"Minervin, 1961",Teniz
142ssCu8050,Teniz Basin,,,,prospect,Kazakhstan,Qostanay,50.450122326,67.677199842,Sediment-hosted stratabound copper,Sandstone copper,238,Cu,-9999.0,-9999.0,-9999.0,-9999.0,,,,,Lower Carboniferous,Kirey Suite,,0.0,,,"Minervin, 1961",Teniz
142ssCu8050,Teniz Basin,Sharykty,,,prospect,Kazakhstan,Qostanay,50.427328427,67.671209381,Sediment-hosted stratabound copper,Sandstone copper,374,Cu,-9999.0,-9999.0,-9999.0,-9999.0,,,,,Middle to Upper Devonian,Middle to Upper Devonian rocks,,0.0,,,"Minervin, 1961",Teniz
142ssCu8050,Teniz Basin,Shabdar west,,,prospect,Kazakhstan,Qostanay,50.437429182,67.478321334,Sediment-hosted stratabound copper,Sandstone copper,238,Cu,-9999.0,-9999.0,-9999.0,-9999.0,,,,,Lower Carboniferous,Kirey Suite,,0.0,,,"Minervin, 1961",Teniz
142ssCu8050,Teniz Basin,Kopkazgan,,,prospect,Kazakhstan,Qostanay,50.370223955,68.006794646,Sediment-hosted stratabound copper,Sandstone copper,303,Cu,-9999.0,1.35,-9999.0,-9999.0,,,significant prospect,,Upper Carboniferous,Vladimirov Suite,,0.0,,,"Mazarovich, 1958",Teniz
142ssCu8050,Teniz Basin,,,,prospect,Kazakhstan,Aqmola,50.356038247,68.039701165,Sediment-hosted stratabound copper,Sandstone copper,303,Cu,-9999.0,-9999.0,-9999.0,-9999.0,,,,,Upper Carboniferous,Vladimirov Suite,,0.0,,,"Mazarovich, 1958",Teniz
142ssCu8050,Teniz Basin,Tersakkanskoe,Turgan Gulf (Ters-Akken River),,prospect,Kazakhstan,Aqmola,50.369637934,68.071489052,Sediment-hosted stratabound copper,Sandstone copper,303,Cu,-9999.0,-9999.0,-9999.0,-9999.0,,,,,Upper Carboniferous,Vladimirov Suite,,0.0,,,"Mazarovich, 1958",Teniz
142ssCu8050,Teniz Basin,Berden,,,prospect,Kazakhstan,Aqmola,50.23040474,68.232239155,Sediment-hosted stratabound copper,Sandstone copper,238,Cu,-9999.0,-9999.0,-9999.0,-9999.0,,,,,Lower Carboniferous,Kirey Suite,,0.0,,,"Mazarovich, 1958",Teniz
142ssCu8050,Teniz Basin,,,,prospect,Kazakhstan,Aqmola,50.184097961,67.786366556,Sediment-hosted stratabound copper,Sandstone copper,367,Cu,-9999.0,-9999.0,-9999.0,-9999.0,,,,,Upper Devonian,Upper Devonian rocks,,0.0,,,"Minervin, 1961",Teniz
142ssCu8050,Teniz Basin,Kipshapskoe,,,prospect,Kazakhstan,Aqmola,50.20660124,68.343614981,Sediment-hosted stratabound copper,Sandstone copper,238,Cu,-9999.0,-9999.0,-9999.0,-9999.0,,,,,Lower Carboniferous,Kirey Suite,,0.0,,,"Mazarovich, 1958",Teniz
142ssCu8050,Teniz Basin,,,,prospect,Kazakhstan,Aqmola,50.090939968,68.104031465,Sediment-hosted stratabound copper,Sandstone copper,367,Cu,-9999.0,-9999.0,-9999.0,-9999.0,,,,,Upper Devonian,Upper Devonian rocks,,0.0,,,"Mazarovich, 1958",Teniz
142ssCu8050,Teniz Basin,,,,prospect,Kazakhstan,Aqmola,51.635718,66.53996,Sediment-hosted stratabound copper,Sandstone copper,303,Cu,-9999.0,-9999.0,-9999.0,-9999.0,,,,,Upper Carboniferous,Vladimorov Suite,,0.0,,,"Syusyura and others, 2010",Teniz
142ssCu8050,Teniz Basin,,,,prospect,Kazakhstan,Aqmola,51.384585,66.94359,Sediment-hosted stratabound copper,Sandstone copper,340,Cu,-9999.0,-9999.0,-9999.0,-9999.0,,,,,Lower Carboniferous,Lower Carboniferous rocks,,0.0,,,"Syusyura and others, 2010",Teniz
142ssCu8050,Teniz Basin,,,,prospect,Kazakhstan,Aqmola,51.322324,66.791774,Sediment-hosted stratabound copper,Sandstone copper,340,Cu,-9999.0,-9999.0,-9999.0,-9999.0,,,,,Lower Carboniferous,Lower Carboniferous rocks,,0.0,,,"Syusyura and others, 2010",Teniz
142ssCu8050,Teniz Basin,,,,prospect,Kazakhstan,Aqmola,51.278817,67.279343,Sediment-hosted stratabound copper,Sandstone copper,252,Cu,-9999.0,-9999.0,-9999.0,-9999.0,,,,,Upper Permian,Shoptykul Suite,,0.0,,,"Syusyura and others, 2010",Teniz
142ssCu8050,Teniz Basin,Tastyadyr,,,prospect,Kazakhstan,Aqmola,51.532359,67.41356,Sediment-hosted stratabound copper,Sandstone copper,272,Cu,-9999.0,-9999.0,-9999.0,-9999.0,,,,,Lower Permian,Kayraktin Suite,,0.0,,,"Syusyura and others, 2010",Teniz
142ssCu8050,Teniz Basin,Baltaly,,,prospect,Kazakhstan,Aqmola,51.269578,67.702255,Sediment-hosted stratabound copper,Sandstone copper,272,Cu,-9999.0,-9999.0,-9999.0,-9999.0,,,,,Lower Permian,Kiymin Suite,,0.0,,,"Syusyura and others, 2010",Teniz
142ssCu8050,Teniz Basin,,,,prospect,Kazakhstan,Aqmola,51.635349,67.950977,Sediment-hosted stratabound copper,Sandstone copper,252,Cu,-9999.0,-9999.0,-9999.0,-9999.0,,,,,Upper Permian,Shoptykul Suite,,0.0,,,"Syusyura and others, 2010",Teniz
142ssCu8050,Teniz Basin,,,,prospect,Kazakhstan,Aqmola,51.637017,68.031551,Sediment-hosted stratabound copper,Sandstone copper,272,Cu,-9999.0,-9999.0,-9999.0,-9999.0,,,,,Lower Permian,Kayraktin Suite,,0.0,,,"Syusyura and others, 2010",Teniz
142ssCu8050,Teniz Basin,Algabas,,,prospect,Kazakhstan,Aqmola,51.697136,67.940434,Sediment-hosted stratabound copper,Sandstone copper,252,Cu,-9999.0,-9999.0,-9999.0,-9999.0,,,,,Upper Permian,Shoptykul Suite,,0.0,,,"Syusyura and others, 2010",Teniz
142ssCu8050,Teniz Basin,,,,prospect,Kazakhstan,Aqmola,51.65658,68.213379,Sediment-hosted stratabound copper,Sandstone copper,238,Cu,-9999.0,-9999.0,-9999.0,-9999.0,,,,,Lower Carboniferous,Kirey Suite,,0.0,,,"Syusyura and others, 2010",Teniz
142ssCu8050,Teniz Basin,Atbasar,,,prospect,Kazakhstan,Aqmola,51.748648,68.41332,Sediment-hosted stratabound copper,Sandstone copper,272,Cu,-9999.0,-9999.0,-9999.0,-9999.0,,,,,Lower Permian,Kiymin Suite,,0.0,,,"Syusyura and others, 2010",Teniz
142ssCu8050,Teniz Basin,,,,prospect,Kazakhstan,Aqmola,51.838017,68.531372,Sediment-hosted stratabound copper,Sandstone copper,272,Cu,-9999.0,-9999.0,-9999.0,-9999.0,,,,,Lower Permian,Kayraktin Suite,,0.0,,,"Syusyura and others, 2010",Teniz
142ssCu8050,Teniz Basin,Kochubay,,,prospect,Kazakhstan,Aqmola,52.053551,68.165314,Sediment-hosted stratabound copper,Sandstone copper,238,Cu,-9999.0,-9999.0,-9999.0,-9999.0,,,,,Lower Carboniferous,Kirey Suite,,0.0,,,"Syusyura and others, 2010",Teniz
142ssCu8050,Teniz Basin,Trtyakovskoe,,,prospect,Kazakhstan,Aqmola,52.077237,68.34526,Sediment-hosted stratabound copper,Sandstone copper,303,Cu,-9999.0,-9999.0,-9999.0,-9999.0,,,,,Upper Carboniferous,Vladimirov Suite,,0.0,,,"Syusyura and others, 2010",Teniz
142ssCu8050,Teniz Basin,Bogorodskoe,,,prospect,Kazakhstan,Aqmola,52.248655,68.780597,Sediment-hosted stratabound copper,Sandstone copper,303,Cu,-9999.0,-9999.0,-9999.0,-9999.0,,,,,Upper Carboniferous,Vladimirov Suite,,0.0,,,"Syusyura and others, 2010",Teniz
142ssCu8050,Teniz Basin,Valimirovskoe,,,prospect,Kazakhstan,Aqmola,52.306019,68.641245,Sediment-hosted stratabound copper,Sandstone copper,303,Cu,-9999.0,-9999.0,-9999.0,-9999.0,,,,,Upper Carboniferous,Vladimirov Suite,,0.0,,,"Syusyura and others, 2010",Teniz
142ssCu8050,Teniz Basin,Doroginskoe,,,prospect,Kazakhstan,Aqmola,52.196554,68.916001,Sediment-hosted stratabound copper,Sandstone copper,303,Cu,-9999.0,-9999.0,-9999.0,-9999.0,,,,,Upper Carboniferous,Vladimirov Suite,,0.0,,,"Syusyura and others, 2010",Teniz
142ssCu8050,Teniz Basin,Krasnopolyanskoe,,,prospect,Kazakhstan,Aqmola,52.153152,68.785142,Sediment-hosted stratabound copper,Sandstone copper,272,Cu,-9999.0,-9999.0,-9999.0,-9999.0,,,,,Lower Permian,Kiymin Suite,,0.0,,,"Syusyura and others, 2010",Teniz
142ssCu8050,Teniz Basin,Konyr,,,prospect,Kazakhstan,Aqmola,52.145681,69.320486,Sediment-hosted stratabound copper,Sandstone copper,303,Cu,-9999.0,-9999.0,-9999.0,-9999.0,,,,,Upper Carboniferous,Vladimirov Suite,,0.0,,,"Syusyura and others, 2010",Teniz
142ssCu8050,Teniz Basin,,,,prospect,Kazakhstan,Aqmola,52.122883,69.322221,Sediment-hosted stratabound copper,Sandstone copper,303,Cu,-9999.0,-9999.0,-9999.0,-9999.0,,,,,Upper Carboniferous,Vladimirov Suite,,0.0,,,"Syusyura and others, 2010",Teniz
142ssCu8050,Teniz Basin,,,,prospect,Kazakhstan,Aqmola,52.093127,69.127437,Sediment-hosted stratabound copper,Sandstone copper,272,Cu,-9999.0,-9999.0,-9999.0,-9999.0,,,,,Lower Permian,Kayraktin Suite,,0.0,,,"Syusyura and others, 2010",Teniz
142ssCu8050,Teniz Basin,,,,prospect,Kazakhstan,Aqmola,52.027003,69.09226,Sediment-hosted stratabound copper,Sandstone copper,303,Cu,-9999.0,-9999.0,-9999.0,-9999.0,,,,,Upper Carboniferous,Vladimirov Suite,,0.0,,,"Syusyura and others, 2010",Teniz
142ssCu8050,Teniz Basin,Katerinovskoe,,,prospect,Kazakhstan,Aqmola,52.097492,69.417784,Sediment-hosted stratabound copper,Sandstone copper,340,Cu,-9999.0,-9999.0,-9999.0,-9999.0,,,,,Lower Carboniferous,Lower Carboniferous rocks,,0.0,,,"Syusyura and others, 2010",Teniz
142ssCu8050,Teniz Basin,,,,prospect,Kazakhstan,Aqmola,52.086301,69.658466,Sediment-hosted stratabound copper,Sandstone copper,340,Cu,-9999.0,-9999.0,-9999.0,-9999.0,,,,,Lower Carboniferous,Lower Carboniferous rocks,,0.0,,,"Syusyura and others, 2010",Teniz
142ssCu8050,Teniz Basin,,,,prospect,Kazakhstan,Aqmola,52.071216,69.642402,Sediment-hosted stratabound copper,Sandstone copper,238,Cu,-9999.0,-9999.0,-9999.0,-9999.0,,,,,Lower Carboniferous,Kirey Suite,,0.0,,,"Syusyura and others, 2010",Teniz
142ssCu8050,Teniz Basin,,,,prospect,Kazakhstan,Aqmola,52.084394,69.619509,Sediment-hosted stratabound copper,Sandstone copper,340,Cu,-9999.0,-9999.0,-9999.0,-9999.0,,,,,Lower Carboniferous,Lower Carboniferous rocks,,0.0,,,"Syusyura and others, 2010",Teniz
142ssCu8050,Teniz Basin,Zholboldy,,,prospect,Kazakhstan,Aqmola,52.410639,70.057299,Sediment-hosted stratabound copper,Sandstone copper,303,Cu,-9999.0,-9999.0,-9999.0,-9999.0,,,,,Upper Carboniferous,Vladimirov Suite,,0.0,,,"Syusyura and others, 2010",Teniz
142ssCu8050,Teniz Basin,,,,prospect,Kazakhstan,Aqmola,52.484277,69.963996,Sediment-hosted stratabound copper,Sandstone copper,303,Cu,-9999.0,-9999.0,-9999.0,-9999.0,,,,,Upper Carboniferous,Vladimirov Suite,,0.0,,,"Syusyura and others, 2010",Teniz
142ssCu8050,Teniz Basin,Narymbay,,,prospect,Kazakhstan,Aqmola,51.457762,69.500947,Sediment-hosted stratabound copper,Sandstone copper,340,Cu,-9999.0,-9999.0,-9999.0,-9999.0,,,,,Lower Carboniferous,Lower Carboniferous rocks,,0.0,,,"Syusyura and others, 2010",Teniz
142ssCu8050,Teniz Basin,Kulan-Utles,,,prospect,Kazakhstan,Karagandy,50.216865,70.150604,Sediment-hosted stratabound copper,Sandstone copper,303,Cu,-9999.0,-9999.0,-9999.0,-9999.0,,,,,Upper Carboniferous,Vladimirov Suite,,0.0,,,"Syusyura and others, 2010",Teniz
142ssCu8050,Teniz Basin,Byrkutunbay,,,prospect,Kazakhstan,Karagandy,50.17659,69.952826,Sediment-hosted stratabound copper,Sandstone copper,303,Cu,-9999.0,-9999.0,-9999.0,-9999.0,,,,,Upper Carboniferous,Vladimirov Suite,,0.0,,,"Syusyura and others, 2010",Teniz
142ssCu8050,Teniz Basin,Kokmombek,,,prospect,Kazakhstan,Karagandy,50.009015,69.105798,Sediment-hosted stratabound copper,Sandstone copper,340,Cu,-9999.0,-9999.0,-9999.0,-9999.0,,,,,Lower Carboniferous,Lower Carboniferous rocks,,0.0,,,"Syusyura and others, 2010",Teniz
142ssCu8050,Teniz Basin,,,,prospect,Kazakhstan,Karagandy,50.058312,68.365207,Sediment-hosted stratabound copper,Sandstone copper,340,Cu,-9999.0,-9999.0,-9999.0,-9999.0,,,,,Lower Carboniferous,Lower Carboniferous rocks,,0.0,,,"Syusyura and others, 2010",Teniz
142ssCu8050,Teniz Basin,,,,prospect,Kazakhstan,Karagandy,50.051678,68.336528,Sediment-hosted stratabound copper,Sandstone copper,340,Cu,-9999.0,-9999.0,-9999.0,-9999.0,,,,,Lower Carboniferous,Lower Carboniferous rocks,,0.0,,,"Syusyura and others, 2010",Teniz
142ssCu8050,Teniz Basin,,,,prospect,Kazakhstan,Karagandy,50.18751,68.148736,Sediment-hosted stratabound copper,Sandstone copper,340,Cu,-9999.0,-9999.0,-9999.0,-9999.0,,,,,Lower Carboniferous,Lower Carboniferous rocks,,0.0,,,"Syusyura and others, 2010",Teniz
142ssCu8050,Teniz Basin,,,,prospect,Kazakhstan,Karagandy,50.235293,68.151033,Sediment-hosted stratabound copper,Sandstone copper,340,Cu,-9999.0,-9999.0,-9999.0,-9999.0,,,,,Lower Carboniferous,Lower Carboniferous rocks,,0.0,,,"Syusyura and others, 2010",Teniz
142ssCu8050,Teniz Basin,,,,prospect,Kazakhstan,Aqmola,50.552563,68.443261,Sediment-hosted stratabound copper,Sandstone copper,272,Cu,-9999.0,-9999.0,-9999.0,-9999.0,,,,,Lower Permian,Kiymin Suite,,0.0,,,"Syusyura and others, 2010",Teniz
142ssCu8050,Teniz Basin,,,,prospect,Kazakhstan,Aqmola,50.567934,68.497801,Sediment-hosted stratabound copper,Sandstone copper,272,Cu,-9999.0,-9999.0,-9999.0,-9999.0,,,,,Lower Permian,Kiymin Suite,,0.0,,,"Syusyura and others, 2010",Teniz
142ssCu8050,Teniz Basin,Shabdar,,,prospect,Kazakhstan,Qostanay,50.481772,67.733299,Sediment-hosted stratabound copper,Sandstone copper,238,Cu,-9999.0,-9999.0,-9999.0,-9999.0,,,,,Lower Carboniferous,Kirey Suite,,0.0,,,"Syusyura and others, 2010",Teniz
142ssCu8050,Teniz Basin,,,,prospect,Kazakhstan,Aqmola,50.570246,67.920574,Sediment-hosted stratabound copper,Sandstone copper,272,Cu,-9999.0,-9999.0,-9999.0,-9999.0,,,,,Lower Permian,Kayraktin Suite,,0.0,,,"Syusyura and others, 2010",Teniz
142ssCu8050,Teniz Basin,,,,prospect,Kazakhstan,Aqmola,50.591248,67.969674,Sediment-hosted stratabound copper,Sandstone copper,303,Cu,-9999.0,-9999.0,-9999.0,-9999.0,,,,,Upper Carboniferous,Vladimirov Suite,,0.0,,,"Syusyura and others, 2010",Teniz
142ssCu8050,Teniz Basin,,,,prospect,Kazakhstan,Aqmola,50.619238,68.092359,Sediment-hosted stratabound copper,Sandstone copper,272,Cu,-9999.0,-9999.0,-9999.0,-9999.0,,,,,Lower Permian,Kayraktin Suite,,0.0,,,"Syusyura and others, 2010",Teniz
142ssCu8050,Teniz Basin,,,,prospect,Kazakhstan,Aqmola,50.601145,68.370447,Sediment-hosted stratabound copper,Sandstone copper,272,Cu,-9999.0,-9999.0,-9999.0,-9999.0,,,,,Lower Permian,Kiymin Suite,,0.0,,,"Syusyura and others, 2010",Teniz
142ssCu8050,Teniz Basin,Kzyl-Oba,,,prospect,Kazakhstan,Aqmola,50.755621,68.460396,Sediment-hosted stratabound copper,Sandstone copper,303,Cu,-9999.0,-9999.0,-9999.0,-9999.0,,,,,Upper Carboniferous,Vladimirov Suite,,0.0,,,"Syusyura and others, 2010",Teniz
142ssCu8050,Teniz Basin,,,,prospect,Kazakhstan,Aqmola,50.656062,68.573599,Sediment-hosted stratabound copper,Sandstone copper,272,Cu,-9999.0,-9999.0,-9999.0,-9999.0,,,,,Lower Permian,Kayraktin Suite,,0.0,,,"Syusyura and others, 2010",Teniz
142ssCu8050,Teniz Basin,,,,prospect,Kazakhstan,Aqmola,50.634462,68.628791,Sediment-hosted stratabound copper,Sandstone copper,272,Cu,-9999.0,-9999.0,-9999.0,-9999.0,,,,,Lower Permian,Kayraktin Suite,,0.0,,,"Syusyura and others, 2010",Teniz
142ssCu8050,Teniz Basin,,,,prospect,Kazakhstan,Aqmola,50.637907,68.839704,Sediment-hosted stratabound copper,Sandstone copper,272,Cu,-9999.0,-9999.0,-9999.0,-9999.0,,,,,Lower Permian,Kayraktin Suite,,0.0,,,"Syusyura and others, 2010",Teniz
142ssCu8050,Teniz Basin,,,,prospect,Kazakhstan,Aqmola,50.649817,68.923661,Sediment-hosted stratabound copper,Sandstone copper,272,Cu,-9999.0,-9999.0,-9999.0,-9999.0,,,,,Lower Permian,Kiymin Suite,,0.0,,,"Syusyura and others, 2010",Teniz
142ssCu8050,Teniz Basin,,,,prospect,Kazakhstan,Aqmola,50.629901,67.671933,Sediment-hosted stratabound copper,Sandstone copper,272,Cu,-9999.0,-9999.0,-9999.0,-9999.0,,,,,Lower Permian,Kiymin Suite,,0.0,,,"Syusyura and others, 2010",Teniz
142ssCu8050,Teniz Basin,,,,prospect,Kazakhstan,Qostanay,50.496525,67.582332,Sediment-hosted stratabound copper,Sandstone copper,340,Cu,-9999.0,-9999.0,-9999.0,-9999.0,,,,,Lower Carboniferous,Lower Carboniferous rocks,,0.0,,,"Syusyura and others, 2010",Teniz
142ssCu8050,Teniz Basin,,,,prospect,Kazakhstan,Aqmola,50.734403,67.087437,Sediment-hosted stratabound copper,Sandstone copper,272,Cu,-9999.0,-9999.0,-9999.0,-9999.0,,,,,Lower Permian,Kiymin Suite,,0.0,,,"Syusyura and others, 2010",Teniz
142ssCu8050,Teniz Basin,,,,prospect,Kazakhstan,Aqmola,50.758933,67.131021,Sediment-hosted stratabound copper,Sandstone copper,272,Cu,-9999.0,-9999.0,-9999.0,-9999.0,,,,,Lower Permian,Kiymin Suite,,0.0,,,"Syusyura and others, 2010",Teniz
142ssCu8050,Teniz Basin,Ushkarasu,,,prospect,Kazakhstan,Aqmola,50.771288,67.085734,Sediment-hosted stratabound copper,Sandstone copper,272,Cu,-9999.0,-9999.0,-9999.0,-9999.0,,,,,Lower Permian,Kiymin Suite,,0.0,,,"Syusyura and others, 2010",Teniz
142ssCu8050,Teniz Basin,,,,prospect,Kazakhstan,Aqmola,51.196719,67.583182,Sediment-hosted stratabound copper,Sandstone copper,272,Cu,-9999.0,-9999.0,-9999.0,-9999.0,,,,,Lower Permian,Kiymin Suite,,0.0,,,"Syusyura and others, 2010",Teniz
142ssCu8050,Teniz Basin,Kayuk-Kalkan,,,prospect,Kazakhstan,Aqmola,51.155001,67.445932,Sediment-hosted stratabound copper,Sandstone copper,272,Cu,-9999.0,-9999.0,-9999.0,-9999.0,,,,,Lower Permian,Kiymin Suite,,0.0,,,"Syusyura and others, 2010",Teniz
142ssCu8050,Teniz Basin,Orta-Kara,,,prospect,Kazakhstan,Aqmola,51.085978,67.308338,Sediment-hosted stratabound copper,Sandstone copper,252,Cu,-9999.0,-9999.0,-9999.0,-9999.0,,,,,Upper Permian,Shoptykul Suite,,0.0,,,"Syusyura and others, 2010",Teniz
142ssCu8050,Teniz Basin,,,,prospect,Kazakhstan,Aqmola,50.94841,67.417687,Sediment-hosted stratabound copper,Sandstone copper,272,Cu,-9999.0,-9999.0,-9999.0,-9999.0,,,,,Lower Permian,Kiymin Suite,,0.0,,,"Syusyura and others, 2010",Teniz
142ssCu8050,Teniz Basin,Proletarskoe,,,prospect,Kazakhstan,Aqmola,52.005386,68.295465,Sediment-hosted stratabound copper,Sandstone copper,303,Cu,-9999.0,-9999.0,-9999.0,-9999.0,,,significant prospect,,Upper Carboniferous,Vladimirov Suite,,0.0,,,"Syusyura and others, 2010",Teniz
142ssCu8050,Teniz Basin,Drill-hole N-11,,,prospect,Kazakhstan,Aqmola,52.08,68.37,Sediment-hosted stratabound copper,Sandstone copper,303,Cu,-9999.0,-9999.0,-9999.0,-9999.0,,,,,Upper Carboniferous,Vladimirov Suite,,0.0,,,"Syusyura and others, 2010",Teniz
142ssCu8050,Teniz Basin,Lozovskoe,,,prospect,Kazakhstan,Aqmola,51.32,69.85,Sediment-hosted stratabound copper,Sandstone copper,340,Cu,-9999.0,-9999.0,-9999.0,-9999.0,,,,,Lower Carboniferous,Lower Carboniferous rocks,,0.0,,,"Syusyura and others, 2010",Teniz
142ssCu8050,Teniz Basin,Kokpekty-I,,,prospect,Kazakhstan,Aqmola,51.62,68.1,Sediment-hosted stratabound copper,Sandstone copper,272,Cu,-9999.0,-9999.0,-9999.0,-9999.0,,,,,Lower Permian,Kayraktin Suite,,0.0,,,"Syusyura and others, 2010",Teniz
142ssCu8050,Teniz Basin,Area No 8,,,prospect,Kazakhstan,Aqmola,51.63,66.55,Sediment-hosted stratabound copper,Sandstone copper,238,Cu,-9999.0,-9999.0,-9999.0,-9999.0,,,,,Lower Carboniferous,Kirey Suite,,0.0,,,"Syusyura and others, 2010",Teniz
142ssCu8050,Teniz Basin,Drill-hole 138,,,prospect,Kazakhstan,Aqmola,51.1,67.83,Sediment-hosted stratabound copper,Sandstone copper,272,Cu,-9999.0,-9999.0,-9999.0,-9999.0,,,,,Lower Permian,Kayraktin Suite,,0.0,,,"Syusyura and others, 2010",Teniz
142ssCu8050,Teniz Basin,Drill-hole P-265,,,prospect,Kazakhstan,Aqmola,51.9,68.63,Sediment-hosted stratabound copper,Sandstone copper,340,Cu,-9999.0,-9999.0,-9999.0,-9999.0,,,,,Lower Carboniferous,Lower Carboniferous rocks,,0.0,,,"Syusyura and others, 2010",Teniz
142ssCu8050,Teniz Basin,Poltavskoe,,,prospect,Kazakhstan,Aqmola,52.15,68.65,Sediment-hosted stratabound copper,Sandstone copper,303,Cu,-9999.0,-9999.0,-9999.0,-9999.0,,,,,Upper Carboniferous,Vladimirov Suite,,0.0,,,"Syusyura and others, 2010",Teniz
142ssCu8050,Teniz Basin,Drill-hole N-10,,,prospect,Kazakhstan,Aqmola,52.03,68.22,Sediment-hosted stratabound copper,Sandstone copper,303,Cu,-9999.0,-9999.0,-9999.0,-9999.0,,,,,Upper Carboniferous,Vladimirov Suite,,0.0,,,"Syusyura and others, 2010",Teniz
142ssCu8050,Teniz Basin,Drill-hole X-124,,,prospect,Kazakhstan,Aqmola,52.02,68.3,Sediment-hosted stratabound copper,Sandstone copper,303,Cu,-9999.0,-9999.0,-9999.0,-9999.0,,,,,Upper Carboniferous,Vladimirov Suite,,0.0,,,"Syusyura and others, 2010",Teniz
142ssCu8050,Teniz Basin,Drill-hole N-16,,,prospect,Kazakhstan,Aqmola,52.02,68.3,Sediment-hosted stratabound copper,Sandstone copper,303,Cu,-9999.0,-9999.0,-9999.0,-9999.0,,,,,Upper Carboniferous,Vladimirov Suite,,0.0,,,"Syusyura and others, 2010",Teniz
142ssCu8050,Teniz Basin,Proletarskoe IV-IX,,,prospect,Kazakhstan,Aqmola,51.97,68.35,Sediment-hosted stratabound copper,Sandstone copper,303,Cu,-9999.0,-9999.0,-9999.0,-9999.0,,,,,Upper Carboniferous,Vladimirov Suite,,0.0,,,"Syusyura and others, 2010",Teniz
142ssCu8050,Teniz Basin,Drill-hole ╒-103,,,prospect,Kazakhstan,Aqmola,51.95,68.25,Sediment-hosted stratabound copper,Sandstone copper,303,Cu,-9999.0,-9999.0,-9999.0,-9999.0,,,,,Upper Carboniferous,Vladimirov Suite,,0.0,,,"Syusyura and others, 2010",Teniz
142ssCu8050,Teniz Basin,Spasskoe,,,prospect,Kazakhstan,Aqmola,51.98,68.57,Sediment-hosted stratabound copper,Sandstone copper,272,Cu,-9999.0,-9999.0,-9999.0,-9999.0,,,,,Lower Permian,Kayraktin Suite,,0.0,,,"Syusyura and others, 2010",Teniz
142ssCu8050,Teniz Basin,Achily-I,,,prospect,Kazakhstan,Aqmola,52.03,69.08,Sediment-hosted stratabound copper,Sandstone copper,303,Cu,-9999.0,-9999.0,-9999.0,-9999.0,,,,,Upper Carboniferous,Vladimirov Suite,,0.0,,,"Syusyura and others, 2010",Teniz
142ssCu8050,Teniz Basin,Kokdombak,,,prospect,Kazakhstan,Karagandy,50.28,67.95,Sediment-hosted stratabound copper,Sandstone copper,340,Cu,-9999.0,-9999.0,-9999.0,-9999.0,,,,,Lower Carboniferous,Lower Carboniferous rocks,,0.0,,,"Syusyura and others, 2010",Teniz
142ssCu8050,Teniz Basin,Prirechnoe,,,prospect,Kazakhstan,Aqmola,52.15,68.333,Sediment-hosted stratabound copper,Sandstone copper,-999,Cu,-9999.0,-9999.0,-9999.0,-9999.0,,,,,Undetermined,Undetermined,,0.0,,,"Syusyura and others, 2010",Teniz
